<?xml version="1.0" encoding="UTF-8"?>
<!DOCTYPE mapper PUBLIC "-//mybatis.org//DTD Mapper 3.0//EN" "http://mybatis.org/dtd/mybatis-3-mapper.dtd">
<mapper namespace="com.yuxin.platform.yunzhang.mapper.SealInfoMapper">
  <resultMap id="BaseResultMap" type="com.yuxin.platform.yunzhang.model.SealInfo">
    <!--
      WARNING - @mbg.generated
    -->
    <id column="id" jdbcType="VARCHAR" property="id" />
    <result column="code" jdbcType="VARCHAR" property="code" />
    <result column="name" jdbcType="VARCHAR" property="name" />
    <result column="serizlizable" jdbcType="VARCHAR" property="serizlizable" />
    <result column="qybm" jdbcType="VARCHAR" property="qybm" />
    <result column="adduser" jdbcType="VARCHAR" property="adduser" />
    <result column="adduser_name" jdbcType="VARCHAR" property="adduserName" />
    <result column="addtime" jdbcType="DATE" property="addtime" />
    <result column="qymc" jdbcType="VARCHAR" property="qymc" />
  </resultMap>

  <select id="selectByQybm" parameterType="com.yuxin.platform.yunzhang.model.SealInfo"
          resultMap="BaseResultMap">
    SELECT
    s.*,qy.dwmc as qymc
    FROM seal_info  s left JOIN  zh_qiye qy on (s.qybm=qy.dwbm)
    WHERE 1=1

    <if test="startTime!=null">
      <![CDATA[AND addtime>=#{startTime,jdbcType=DATE}]]>
    </if>
    <if test="endTime!=null">
      <![CDATA[AND addtime<=#{endTime,jdbcType=DATE}]]>
    </if>
    <if test="qybm!=null and qybm!=''">
      AND qybm = #{qybm,jdbcType=VARCHAR}
    </if>
    <if test="qymc!=null and qymc!=''">
      AND qy.dwmc = #{qybm,jdbcType=VARCHAR}
    </if>

    order by addtime DESC
  </select>
</mapper>