<?xml version="1.0" encoding="UTF-8"?>
<!DOCTYPE mapper PUBLIC "-//mybatis.org//DTD Mapper 3.0//EN" "http://mybatis.org/dtd/mybatis-3-mapper.dtd">
<mapper namespace="com.yuxin.platform.yunzhang.mapper.SealApplyMapper">
  <resultMap id="BaseResultMap" type="com.yuxin.platform.yunzhang.model.SealApply">
    <!--
      WARNING - @mbg.generated
    -->
    <id column="id" jdbcType="VARCHAR" property="id" />
    <result column="apply_user" jdbcType="VARCHAR" property="applyUser" />
    <result column="apply_user_name" jdbcType="VARCHAR" property="applyUserName" />
    <result column="apply_option" jdbcType="VARCHAR" property="applyOption" />
    <result column="apply_time" jdbcType="TIMESTAMP" property="applyTime" />
    <result column="count" jdbcType="INTEGER" property="count" />
    <result column="sealcode" jdbcType="VARCHAR" property="sealcode" />
    <result column="effective_time" jdbcType="TIMESTAMP" property="effectiveTime" />
    <result column="approver" jdbcType="VARCHAR" property="approver" />
    <result column="approver_name" jdbcType="VARCHAR" property="approverName" />
    <result column="approver_time" jdbcType="TIMESTAMP" property="approverTime" />
    <result column="approver_opinion" jdbcType="VARCHAR" property="approverOpinion" />
    <result column="status" jdbcType="INTEGER" property="status" />
    <result column="ygzcs" jdbcType="INTEGER" property="ygzcs" />
    <result column="gzqpic" jdbcType="VARCHAR" property="gzqpic" />
    <result column="gzhpic" jdbcType="VARCHAR" property="gzhpic" />
    <result column="qybm" jdbcType="VARCHAR" property="qybm" />
    <result column="sealname" jdbcType="VARCHAR" property="sealname" />
  </resultMap>

  <select id="selectByApplyUser" parameterType="com.yuxin.platform.yunzhang.model.SealApply"
                   resultMap="BaseResultMap">
  SELECT
  a.*,s.name as sealname
  FROM seal_apply  a left join seal_info s on(a.sealcode=s.id)
  WHERE  apply_user= #{applyUser,jdbcType=VARCHAR} and status=0


  <if test="startTime!=null">
    <![CDATA[AND apply_time>=#{startTime,jdbcType=TIMESTAMP}]]>
  </if>
  <if test="endTime!=null">
    <![CDATA[AND apply_time<=#{endTime,jdbcType=TIMESTAMP}]]>
  </if>

  order by apply_time DESC
</select>

  <select id="selectByUser" parameterType="com.yuxin.platform.yunzhang.model.SealApply"
          resultMap="BaseResultMap">
    SELECT
    a.*,s.name as sealname
    FROM seal_apply  a left join seal_info s on(a.sealcode=s.id)
    WHERE  apply_user= #{applyUser,jdbcType=VARCHAR}

    order by apply_time DESC
  </select>



  <select id="selectByid" parameterType="java.lang.String"
          resultMap="BaseResultMap">
    SELECT
    a.*,s.name as sealname
    FROM seal_apply  a left join seal_info s on(a.sealcode=s.id)
    WHERE  a.id= #{id,jdbcType=VARCHAR}
  </select>

  <select id="selectByGaizhang" parameterType="com.yuxin.platform.yunzhang.model.SealApply"
          resultMap="BaseResultMap">
    SELECT
    a.*,s.name as sealname
    FROM seal_apply  a left join seal_info s on(a.sealcode=s.id)
    WHERE  apply_user= #{applyUser,jdbcType=VARCHAR} and status=1 and effective_time> now() and
      <![CDATA[ ygzcs < a.count]]>
    order by apply_time DESC
  </select>

  <select id="selectByApprover" parameterType="com.yuxin.platform.yunzhang.model.SealApply"
          resultMap="BaseResultMap">
    SELECT
    a.*,s.name as sealname
    FROM seal_apply  a  left join seal_info s on(a.sealcode=s.id)
    WHERE  approver= #{approver,jdbcType=VARCHAR}

    <if test="status!=null">
      AND status>=#{status,jdbcType=INTEGER}
    </if>
    <if test="startTime!=null">
      <![CDATA[AND approver_time>=#{startTime,jdbcType=TIMESTAMP}]]>
    </if>
    <if test="endTime!=null">
      <![CDATA[AND approver_time<=#{endTime,jdbcType=TIMESTAMP}]]>
    </if>

    order by apply_time DESC
  </select>

  <select id="selectDsp" parameterType="com.yuxin.platform.yunzhang.model.SealApply"
          resultMap="BaseResultMap">
    SELECT
    a.*,s.name as sealname
    FROM seal_apply  a  left join seal_info s on(a.sealcode=s.id)
    WHERE  approver= #{approver,jdbcType=VARCHAR} and status=0
    order by apply_time DESC
  </select>

  <select id="selectByQybm" parameterType="com.yuxin.platform.yunzhang.model.SealApply"
          resultMap="BaseResultMap">
    SELECT
    *
    FROM seal_apply
    WHERE  qybm= #{qybm,jdbcType=VARCHAR}

    <if test="startTime!=null">
      <![CDATA[AND apply_time>=#{startTime,jdbcType=TIMESTAMP}]]>
    </if>
    <if test="endTime!=null">
      <![CDATA[AND apply_time<=#{endTime,jdbcType=TIMESTAMP}]]>
    </if>
    <if test="applyUserName!=null and  applyUserName!=''">
     AND apply_user_name = #{applyUserName,jdbcType=VARCHAR}
    </if>
    <if test="approverName!=null and approverName!=''">
       AND approver_name = #{approverName,jdbcType=VARCHAR}
    </if>

    order by apply_time DESC
  </select>

  <select id="select" parameterType="com.yuxin.platform.yunzhang.model.SealApply"
          resultType="com.yuxin.platform.yunzhang.model.SealApply">
    SELECT
    *
    FROM seal_apply
    <where>
      <if test="status!=null" >
        AND  status = #{applyUser,jdbcType=VARCHAR}
      </if>
      <if test="approver!=null and approver!=''" >
        AND  approver = #{approver,jdbcType=VARCHAR}
      </if>
      <if test="qybm!=null and qybm!=''" >
        AND  qybm = #{qybm,jdbcType=VARCHAR}
      </if>
    </where>
    order by apply_time DESC
  </select>


</mapper>