<?xml version="1.0" encoding="UTF-8"?>
<!DOCTYPE mapper PUBLIC "-//mybatis.org//DTD Mapper 3.0//EN" "http://mybatis.org/dtd/mybatis-3-mapper.dtd">
<mapper namespace="com.yuxin.platform.yunzhang.mapper.SysQyjbxxMapper">
  <resultMap id="BaseResultMap" type="com.yuxin.platform.yunzhang.model.SysQyjbxx">
    <!--
      WARNING - @mbg.generated
    -->
    <id column="id" jdbcType="VARCHAR" property="id" />
    <result column="dwmc" jdbcType="VARCHAR" property="dwmc" />
    <result column="dwbh" jdbcType="VARCHAR" property="dwbh" />
    <result column="dwdz" jdbcType="VARCHAR" property="dwdz" />
    <result column="lxdh" jdbcType="VARCHAR" property="lxdh" />
    <result column="fddbr" jdbcType="VARCHAR" property="fddbr" />
    <result column="frlxfs" jdbcType="VARCHAR" property="frlxfs" />
    <result column="tyshxydm" jdbcType="VARCHAR" property="tyshxydm" />
    <result column="yyzzzp" jdbcType="VARCHAR" property="yyzzzp" />
    <result column="dwfzr" jdbcType="VARCHAR" property="dwfzr" />
    <result column="dwfzrlxfs" jdbcType="VARCHAR" property="dwfzrlxfs" />
    <result column="zt" jdbcType="VARCHAR" property="zt" />
    <result column="bz" jdbcType="VARCHAR" property="bz" />
    <result column="djr" jdbcType="VARCHAR" property="djr" />
    <result column="djsj" jdbcType="DATE" property="djsj" />
  </resultMap>
</mapper>